iter	Passed	Remaining
0	0	791
1	2	1083
2	3	1070
3	4	1100
4	5	1077
5	6	1037
6	7	1032
7	8	1035
8	9	1071
9	10	1088
10	11	1075
11	12	1046
12	13	1029
13	14	1021
14	15	1004
15	16	991
16	17	984
17	17	981
18	18	968
19	19	950
20	20	933
21	20	922
22	21	905
23	21	891
24	22	878
25	23	865
26	23	853
27	24	864
28	25	866
29	26	860
30	27	855
31	27	846
32	28	839
33	29	832
34	29	825
35	30	817
36	31	811
37	31	805
38	32	799
39	33	795
40	33	790
41	34	784
42	35	779
43	35	772
44	36	767
45	36	763
46	37	758
47	38	754
48	38	752
49	39	755
50	41	767
51	42	765
52	42	760
53	43	759
54	43	755
55	44	751
56	45	747
57	45	743
58	46	740
59	47	736
60	47	732
61	48	729
62	48	726
63	49	723
64	50	720
65	50	717
66	51	714
67	51	711
68	52	708
69	53	707
70	53	705
71	55	711
72	56	712
73	56	711
74	57	709
75	58	708
76	58	706
77	59	703
78	60	701
79	60	698
80	61	696
81	61	693
82	62	688
83	62	686
84	63	684
85	64	682
86	64	679
87	65	677
88	65	674
89	66	672
90	67	670
91	67	668
92	68	667
93	69	668
94	70	672
95	71	671
96	71	669
97	72	668
98	73	666
99	73	665
100	74	664
101	75	664
102	76	664
103	76	662
104	77	661
105	78	659
106	78	658
107	79	656
108	80	655
109	80	653
110	81	652
111	82	651
112	82	649
113	83	647
114	84	647
115	86	657
116	86	656
117	87	654
118	88	653
119	88	651
120	89	649
121	89	646
122	90	644
123	91	643
124	91	641
125	92	639
126	92	636
127	93	634
128	93	632
129	94	631
130	94	629
131	95	627
132	95	625
133	96	624
134	97	622
135	97	620
136	98	618
137	98	617
138	99	618
139	100	620
140	101	619
141	102	616
142	102	616
143	103	616
144	104	615
145	105	614
146	105	613
147	106	614
148	107	613
149	108	613
150	108	611
151	109	610
152	109	608
153	110	607
154	111	605
155	111	603
156	112	602
157	112	601
158	113	599
159	113	597
160	114	595
161	115	598
162	116	599
163	117	598
164	118	597
165	118	596
166	119	594
167	119	593
168	120	591
169	120	590
170	121	588
171	121	587
172	122	585
173	123	584
174	123	583
175	124	581
176	124	580
177	125	578
178	125	577
179	126	575
180	126	574
181	127	572
182	128	571
183	128	571
184	130	575
185	131	575
186	132	574
187	132	573
188	133	571
189	133	570
190	134	569
191	134	567
192	135	566
193	136	565
194	136	563
195	137	562
196	137	561
197	138	559
198	138	558
199	139	557
200	139	555
201	140	554
202	140	553
203	141	552
204	142	551
205	142	550
206	143	548
207	143	547
208	144	547
209	145	547
210	146	547
211	147	546
212	147	545
213	148	544
214	148	543
215	149	541
216	149	540
217	150	539
218	150	538
219	151	537
220	152	535
221	152	534
222	153	533
223	153	532
224	154	531
225	154	530
226	155	529
227	155	527
228	156	526
229	157	525
230	157	524
231	158	523
232	158	522
233	159	521
234	160	521
235	161	522
236	162	521
237	162	520
238	163	519
239	163	518
240	164	517
241	164	516
242	165	514
243	165	513
244	166	512
245	166	511
246	167	510
247	168	509
248	168	508
249	169	507
250	169	506
251	170	505
252	170	504
253	171	503
254	171	502
255	172	501
256	173	500
257	173	499
258	174	498
259	175	499
260	176	500
261	177	499
262	178	499
263	178	498
264	179	498
265	180	497
266	181	497
267	181	496
268	182	495
269	183	494
270	183	494
271	184	493
272	184	492
273	185	491
274	186	490
275	186	489
276	187	488
277	187	487
278	188	486
279	188	485
280	189	485
281	190	485
282	191	485
283	192	485
284	193	484
285	193	483
286	194	482
287	194	481
288	195	480
289	195	479
290	196	478
291	196	477
292	197	476
293	198	475
294	198	474
295	199	473
296	199	472
297	200	471
298	200	470
299	201	470
300	201	468
301	202	468
302	203	467
303	203	466
304	204	465
305	204	464
306	206	465
307	207	465
308	207	464
309	208	463
310	209	463
311	209	462
312	210	461
313	210	460
314	211	459
315	212	458
316	212	458
317	213	457
318	213	456
319	214	455
320	214	454
321	215	453
322	215	452
323	216	451
324	217	450
325	217	449
326	218	449
327	218	448
328	219	447
329	219	446
330	220	446
331	221	446
332	222	445
333	223	444
334	223	444
335	224	443
336	224	442
337	225	441
338	225	440
339	226	439
340	227	438
341	227	437
342	228	436
343	228	436
344	229	435
345	229	434
346	230	433
347	230	432
348	231	431
349	231	430
350	232	429
351	233	429
352	233	428
353	234	427
354	234	426
355	235	426
356	236	426
357	237	425
358	238	425
359	238	424
360	239	423
361	239	422
362	240	421
363	240	420
364	241	419
365	241	419
366	242	418
367	242	417
368	243	416
369	244	415
370	244	414
371	245	413
372	245	413
373	246	412
374	246	411
375	247	410
376	248	409
377	248	409
378	249	408
379	249	407
380	251	407
381	251	407
382	252	406
383	253	406
384	253	405
385	254	404
386	254	403
387	255	402
388	255	401
389	256	401
390	257	400
391	257	399
392	258	398
393	258	397
394	259	397
395	259	396
396	260	395
397	260	394
398	261	393
399	262	393
400	262	392
401	263	391
402	263	390
403	264	390
404	265	389
405	265	388
406	267	389
407	267	388
408	268	387
409	268	386
410	269	386
411	269	385
412	270	384
413	271	383
414	271	382
415	272	382
416	272	381
417	273	380
418	273	379
419	274	378
420	274	377
421	275	377
422	275	376
423	276	375
424	277	374
425	277	374
426	278	373
427	278	372
428	279	371
429	279	370
430	280	370
431	281	370
432	282	369
433	283	369
434	284	368
435	284	368
436	285	367
437	286	367
438	286	366
439	287	365
440	287	364
441	288	364
442	288	363
443	289	362
444	290	361
445	290	361
446	291	360
447	291	359
448	292	358
449	292	357
450	293	357
451	293	356
452	294	355
453	295	354
454	295	354
455	296	353
456	297	353
457	298	353
458	299	352
459	299	352
460	300	351
461	301	350
462	301	349
463	302	349
464	302	348
465	303	347
466	303	346
467	304	346
468	304	345
469	305	344
470	306	343
471	306	342
472	307	342
473	307	341
474	308	340
475	308	339
476	309	339
477	309	338
478	310	337
479	311	337
480	312	336
481	313	336
482	313	336
483	314	335
484	315	334
485	316	334
486	316	333
487	317	333
488	318	332
489	318	331
490	319	331
491	320	330
492	320	329
493	321	329
494	321	328
495	322	327
496	323	327
497	323	326
498	324	325
499	324	324
500	325	324
501	326	323
502	327	323
503	328	323
504	328	322
505	329	321
506	329	320
507	330	320
508	331	319
509	331	318
510	332	317
511	332	317
512	333	316
513	333	315
514	334	315
515	335	314
516	335	313
517	336	312
518	336	312
519	337	311
520	338	310
521	338	310
522	339	309
523	339	308
524	340	307
525	341	307
526	342	307
527	343	307
528	344	306
529	344	305
530	345	305
531	346	304
532	347	304
533	347	303
534	348	302
535	348	302
536	349	301
537	350	300
538	350	299
539	351	299
540	352	298
541	352	298
542	353	297
543	353	296
544	354	296
545	355	295
546	355	294
547	356	294
548	358	294
549	358	293
550	359	293
551	360	292
552	360	291
553	361	290
554	361	290
555	362	289
556	363	288
557	363	287
558	364	287
559	365	286
560	365	286
561	366	285
562	366	284
563	367	284
564	367	283
565	368	282
566	369	281
567	369	281
568	370	280
569	370	279
570	371	279
571	373	279
572	373	278
573	374	277
574	375	277
575	375	276
576	376	276
577	377	275
578	378	274
579	378	274
580	379	273
581	380	273
582	380	272
583	381	271
584	381	270
585	382	270
586	383	269
587	383	268
588	384	268
589	384	267
590	385	266
591	386	266
592	387	265
593	388	265
594	389	264
595	389	264
596	390	263
597	391	263
598	392	262
599	392	261
600	393	261
601	394	260
602	394	259
603	395	259
604	396	258
605	397	258
606	397	257
607	398	256
608	399	256
609	399	255
610	400	254
611	401	254
612	402	254
613	403	253
614	404	252
615	404	252
616	405	251
617	406	251
618	406	250
619	407	249
620	408	249
621	408	248
622	409	247
623	410	247
624	410	246
625	411	245
626	411	245
627	412	244
628	413	243
629	414	243
630	414	242
631	415	241
632	415	241
633	416	240
634	417	239
635	418	239
636	419	238
637	420	238
638	420	237
639	421	237
640	422	236
641	422	235
642	423	235
643	423	234
644	424	233
645	425	233
646	426	232
647	426	231
648	427	231
649	427	230
650	428	229
651	429	229
652	429	228
653	430	227
654	430	226
655	431	226
656	433	226
657	433	225
658	434	224
659	435	224
660	435	223
661	436	222
662	437	222
663	437	221
664	438	220
665	439	220
666	439	219
667	440	218
668	441	218
669	442	217
670	442	217
671	443	216
672	444	215
673	444	215
674	445	214
675	446	213
676	447	213
677	448	212
678	448	212
679	449	211
680	449	210
681	450	210
682	451	209
683	451	208
684	452	208
685	453	207
686	453	206
687	454	206
688	455	205
689	455	204
690	456	203
691	456	203
692	457	202
693	458	202
694	459	201
695	459	200
696	460	200
697	460	199
698	461	198
699	463	198
700	463	197
701	464	197
702	465	196
703	466	196
704	466	195
705	467	194
706	468	194
707	468	193
708	469	192
709	470	191
710	470	191
711	471	190
712	471	189
713	472	189
714	473	188
715	473	187
716	474	187
717	474	186
718	475	185
719	476	185
720	477	184
721	478	184
722	478	183
723	479	182
724	480	182
725	480	181
726	481	180
727	481	180
728	482	179
729	483	178
730	483	177
731	484	177
732	484	176
733	485	175
734	485	175
735	486	174
736	486	173
737	487	173
738	488	172
739	489	171
740	489	171
741	490	170
742	491	169
743	492	169
744	493	168
745	493	168
746	494	167
747	495	166
748	496	166
749	497	165
750	497	164
751	498	164
752	499	163
753	499	163
754	500	162
755	501	161
756	502	161
757	502	160
758	503	159
759	503	159
760	504	158
761	504	157
762	505	157
763	506	156
764	506	155
765	507	155
766	508	154
767	509	153
768	509	153
769	510	152
770	511	151
771	511	151
772	512	150
773	512	149
774	513	149
775	514	148
776	514	147
777	515	147
778	515	146
779	516	145
780	516	144
781	517	144
782	518	143
783	518	142
784	519	142
785	519	141
786	520	140
787	521	140
788	521	139
789	523	139
790	523	138
791	524	137
792	524	137
793	525	136
794	526	135
795	527	135
796	527	134
797	528	133
798	529	133
799	529	132
800	530	131
801	531	131
802	531	130
803	532	129
804	532	129
805	533	128
806	533	127
807	534	127
808	535	126
809	535	125
810	536	125
811	537	124
812	538	123
813	539	123
814	539	122
815	540	121
816	541	121
817	541	120
818	542	119
819	542	119
820	543	118
821	543	117
822	544	117
823	545	116
824	545	115
825	546	115
826	546	114
827	547	113
828	548	113
829	548	112
830	549	111
831	549	111
832	550	110
833	550	109
834	551	108
835	552	108
836	553	107
837	554	107
838	554	106
839	555	105
840	556	105
841	556	104
842	557	103
843	557	103
844	558	102
845	559	101
846	559	101
847	560	100
848	561	99
849	561	99
850	562	98
851	563	97
852	563	97
853	564	96
854	565	95
855	565	95
856	566	94
857	567	93
858	568	93
859	569	92
860	570	92
861	570	91
862	571	90
863	572	90
864	573	89
865	573	88
866	574	88
867	574	87
868	575	86
869	575	86
870	576	85
871	577	84
872	577	84
873	578	83
874	579	82
875	579	82
876	580	81
877	581	80
878	581	80
879	583	79
880	583	78
881	584	78
882	585	77
883	586	76
884	586	76
885	587	75
886	588	74
887	588	74
888	589	73
889	589	72
890	590	72
891	590	71
892	591	70
893	592	70
894	592	69
895	593	68
896	594	68
897	594	67
898	595	66
899	596	66
900	596	65
901	597	64
902	598	64
903	599	63
904	599	62
905	600	62
906	601	61
907	602	61
908	602	60
909	603	59
910	604	59
911	604	58
912	605	57
913	605	57
914	606	56
915	607	55
916	608	55
917	608	54
918	609	53
919	609	53
920	610	52
921	611	51
922	611	51
923	612	50
924	613	49
925	614	49
926	615	48
927	615	47
928	616	47
929	617	46
930	618	45
931	618	45
932	619	44
933	620	43
934	620	43
935	621	42
936	622	41
937	622	41
938	623	40
939	623	39
940	624	39
941	625	38
942	625	37
943	626	37
944	627	36
945	628	35
946	629	35
947	629	34
948	630	33
949	631	33
950	631	32
951	632	31
952	633	31
953	633	30
954	634	29
955	635	29
956	636	28
957	636	27
958	637	27
959	637	26
960	638	25
961	639	25
962	639	24
963	640	23
964	641	23
965	641	22
966	642	21
967	643	21
968	644	20
969	645	19
970	646	19
971	646	18
972	647	17
973	648	17
974	649	16
975	649	15
976	650	15
977	651	14
978	652	13
979	652	13
980	653	12
981	653	11
982	654	11
983	655	10
984	655	9
985	656	9
986	657	8
987	658	7
988	659	7
989	659	6
990	660	5
991	661	5
992	661	4
993	662	3
994	663	3
995	664	2
996	664	2
997	665	1
998	666	0
999	666	0
